date,value,genka
2013-04-28,135.98,123.58
2013-04-29,147.49,133.67
2013-04-30,146.93,145.36
2013-05-01,139.89,131.19
2013-05-02,125.6,110.76
2013-05-03,108.13,98.27
2013-05-04,115,108.2
2013-05-05,118.8,109.4
2013-05-06,124.66,111.21
2013-05-07,113.44,105.41
2013-05-08,115.78,114.39
2013-05-09,113.46,99.66
2013-05-10,122,113.19
2013-05-11,118.68,112.8
2013-05-12,117.45,101.1
2013-05-13,118.7,98.47
2013-05-14,119.8,116.12
2013-05-15,115.81,105.94
2013-05-16,118.76,109.76
2013-05-17,125.3,107.53
2013-05-18,125.25,118.63
2013-05-19,124.5,114.81
2013-05-20,123.62,103.96
2013-05-21,123,106.02
2013-05-22,124,120.86
2013-05-23,126.93,116.08
2013-05-24,133.85,127.07
2013-05-25,133.22,121.92
2013-05-26,136,124.49
2013-05-27,135.47,121.7
2013-05-28,130.58,112.69
2013-05-29,132.59,128.31
2013-05-30,132.25,121.67
2013-05-31,129.9,123.68
2013-06-01,129.78,109.55
2013-06-02,129.4,109.57
2013-06-03,122.5,105.94
2013-06-04,123.84,115.31
2013-06-05,123.47,111.65
2013-06-06,123.1,113.34
2013-06-07,119,105.76
2013-06-08,111.42,101.77
2013-06-09,108.99,88.47
2013-06-10,110.1,102.02
2013-06-11,109.6,94.81
2013-06-12,111.79,95.41
2013-06-13,110.3,108.82
2013-06-14,104.7,88.49
2013-06-15,103.7,96.27
2013-06-16,101.6,91.14
2013-06-17,102.21,100.26
2013-06-18,111.11,100.17
2013-06-19,110.22,101.27
2013-06-20,114.3,111.88
2013-06-21,114.99,95.33
2013-06-22,109.96,94.82
2013-06-23,108.8,100.41
2013-06-24,108.33,95.08
2013-06-25,106.47,88.77
2013-06-26,105.49,85.96
2013-06-27,104,94.29
2013-06-28,101.74,85.65
2013-06-29,99.99,82.61
2013-06-30,98.12,89.34
2013-07-01,97.66,78.94
2013-07-02,92.3,90.2
2013-07-03,90.98,72.29
2013-07-04,83.11,78.51
2013-07-05,80,63.21
2013-07-06,75,67.71
2013-07-07,74.56,62.86
2013-07-08,80,75.09
2013-07-09,78.3,76.73
2013-07-10,87,74.58
2013-07-11,90.28,84.35
2013-07-12,104,90.04
2013-07-13,98.25,83.18
2013-07-14,98.7,86.88
2013-07-15,101.9,82.53
2013-07-16,99.86,89.69
2013-07-17,99.97,97.66
2013-07-18,98.8,95.53
2013-07-19,95.2,90.65
2013-07-20,93.1,92.54
2013-07-21,91.95,75.25
2013-07-22,92,74.31
2013-07-23,96.82,90.53
2013-07-24,95.99,91.19
2013-07-25,97.33,86.62
2013-07-26,97.47,80.21
2013-07-27,97,91.35
2013-07-28,100.58,84.68
2013-07-29,102.5,86.47
2013-07-30,107.99,87.7
2013-07-31,111.34,99.91
2013-08-01,108,95.96
2013-08-02,108,93.26
2013-08-03,105.78,102.72
2013-08-04,105.95,86.78
2013-08-05,107.77,94.3
2013-08-06,107.38,89.21
2013-08-07,106.75,100.8
2013-08-08,106.75,96.94
2013-08-09,105.75,100.11
2013-08-10,103.9,85.04
2013-08-11,105.19,97.7
2013-08-12,108,99.4
2013-08-13,109.35,107.49
2013-08-14,115,100.99
2013-08-15,113.25,108.39
2013-08-16,112.3,107.86
2013-08-17,113.75,100.67
2013-08-18,114.69,110.58
2013-08-19,123.06,122.51
2013-08-20,123.01,119.11
2013-08-21,124.91,104.89
2013-08-22,123.5,116.63
2013-08-23,122,110.4
2013-08-24,121.39,113.67
2013-08-25,122.99,117.67
2013-08-26,122.75,110.65
2013-08-27,127.24,107.46
2013-08-28,127.32,117.89
2013-08-29,123.7,121.74
2013-08-30,135.75,132.48
2013-08-31,140.89,136.27
2013-09-01,145.81,139.99
2013-09-02,146.5,128.68
2013-09-03,138.34,128.38
2013-09-04,144.5,139.62
2013-09-05,131.44,127.01
2013-09-06,127.34,112.36
2013-09-07,125.94,124.42
2013-09-08,124.72,108.88
2013-09-09,129.06,111.39
2013-09-10,129.74,126.86
2013-09-11,137.83,119.23
2013-09-12,136.08,129.22
2013-09-13,137.58,118.96
2013-09-14,135.85,120.99
2013-09-15,131.44,129.02
2013-09-16,132.72,119.08
2013-09-17,132.76,112.96
2013-09-18,133.2,127.78
2013-09-19,131.77,128.68
2013-09-20,135.62,125.71
2013-09-21,128.61,110.14
2013-09-22,133.94,118.84
2013-09-23,132.72,120.88
2013-09-24,127.46,120.19
2013-09-25,129.69,115.47
2013-09-26,134.93,119.91
2013-09-27,134.74,121.3
2013-09-28,135.63,132.88
2013-09-29,140.61,122.49
2013-09-30,138.35,122.41
2013-10-01,134.63,115.75
2013-10-02,133.59,132.53
2013-10-03,123.63,115.52
2013-10-04,130.09,124.83
2013-10-05,130.44,124.57
2013-10-06,129.66,118.39
2013-10-07,130.27,121.56
2013-10-08,127.47,112.91
2013-10-09,131.75,128.05
2013-10-10,131.5,114.14
2013-10-11,131.81,125.4
2013-10-12,135.66,118.73
2013-10-13,138.66,119.82
2013-10-14,144.12,124.99
2013-10-15,145.39,133.14
2013-10-16,152.23,134.67
2013-10-17,147.42,142.1
2013-10-18,155.96,150.1
2013-10-19,177.48,174.03
2013-10-20,174.91,165.58
2013-10-21,184.82,169.57
2013-10-22,196.27,182.76
2013-10-23,213.62,210.38
2013-10-24,217.42,200.99
2013-10-25,198.87,181.73
2013-10-26,188.41,180.19
2013-10-27,196.44,192.12
2013-10-28,198.62,185.73
2013-10-29,204.79,186.18
2013-10-30,209.16,193.1
2013-10-31,205.18,199.77
2013-11-01,206.65,204.26
2013-11-02,207.76,190.62
2013-11-03,215.05,201.67
2013-11-04,231.01,223.2
2013-11-05,250.66,243.54
2013-11-06,263,248.76
2013-11-07,304.17,298.3
2013-11-08,338.66,330.02
2013-11-09,370.82,354.64
2013-11-10,350.7,342.52
2013-11-11,351.27,337.76
2013-11-12,362.81,350.68
2013-11-13,414.05,394.48
2013-11-14,425.9,410.58
2013-11-15,437.89,422.81
2013-11-16,450.26,439.78
2013-11-17,500.58,494.99
2013-11-18,703.78,696.27
2013-11-19,806.11,802.32
2013-11-20,599.65,591.06
2013-11-21,733.4,725.3
2013-11-22,780.85,768.19
2013-11-23,844.97,840.32
2013-11-24,807.36,801.83
2013-11-25,810.68,796.6
2013-11-26,928.54,911.48
2013-11-27,1001.96,984.58
2013-11-28,1077.56,1068.96
2013-11-29,1146.97,1141.61
2013-11-30,1156.14,1141.13
2013-12-01,1133.08,1115.26
2013-12-02,1055.42,1050.29
2013-12-03,1096,1090.24
2013-12-04,1156.12,1143.03
2013-12-05,1154.36,1137.99
2013-12-06,1042.38,1040.59
2013-12-07,854.64,847.54
2013-12-08,802.51,795.62
2013-12-09,921.93,909.39
2013-12-10,997.23,977.58
2013-12-11,1001.58,993.31
2013-12-12,901.94,888.71
2013-12-13,941.79,933.92
2013-12-14,904.65,884.67
2013-12-15,886.16,866.46
2013-12-16,882.25,865.58
2013-12-17,754.83,748.45
2013-12-18,679.32,673.84
2013-12-19,707.23,689.78
2013-12-20,729.16,720.76
2013-12-21,654.27,636.15
2013-12-22,666.74,652.04
2013-12-23,680.91,666.76
2013-12-24,684.39,671.49
2013-12-25,682.7,666
2013-12-26,777.75,760.34
2013-12-27,777.51,775.73
2013-12-28,747.06,734.69
2013-12-29,748.61,735.03
2013-12-30,766.6,746.28
2013-12-31,760.58,757.14
2014-01-01,775.35,769.49
2014-01-02,820.31,816.84
2014-01-03,834.15,817.99
2014-01-04,859.51,839.48
2014-01-05,952.4,944.95
2014-01-06,1017.12,1014.37
2014-01-07,965.74,963.82
2014-01-08,870.68,855.84
2014-01-09,864.36,851.37
2014-01-10,871.19,864.63
2014-01-11,921.48,911.71
2014-01-12,928.52,912.25
2014-01-13,861.29,841.29
2014-01-14,855.69,846.62
2014-01-15,872.81,870.5
2014-01-16,866.16,861.65
2014-01-17,842.91,836.4
2014-01-18,841.49,821.24
2014-01-19,870.96,853.22
2014-01-20,886.39,877.58
2014-01-21,881.2,872.34
2014-01-22,870.15,862.06
2014-01-23,851.57,836.85
2014-01-24,822.43,802.65
2014-01-25,861.45,860.68
2014-01-26,897.02,881.4
2014-01-27,893,878.68
2014-01-28,832.5,820.92
2014-01-29,836.87,818.82
2014-01-30,830.5,813.51
2014-01-31,831.87,823.92
2014-02-01,853.52,842.75
2014-02-02,844.72,841.06
2014-02-03,826.48,823.65
2014-02-04,840.17,822.14
2014-02-05,837.32,826.28
2014-02-06,819.81,804.13
2014-02-07,783.2,778.55
2014-02-08,721.82,716.74
2014-02-09,712.27,706.22
2014-02-10,703.71,687.39
2014-02-11,712.46,702.85
2014-02-12,672.9,664.33
2014-02-13,657.99,642.43
2014-02-14,691.72,679.41
2014-02-15,661.84,651.85
2014-02-16,665.1,661.97
2014-02-17,656.95,649.14
2014-02-18,645.76,634.44
2014-02-19,631.77,611.48
2014-02-20,627.73,608.31
2014-02-21,582.96,576.85
2014-02-22,614.48,604.3
2014-02-23,639.91,623.49
2014-02-24,607.61,605.23
2014-02-25,541.38,535.17
2014-02-26,603.8,590.69
2014-02-27,594.05,592.29
2014-02-28,584.14,564.55
2014-03-01,573.38,569.32
2014-03-02,570.48,558.71
2014-03-03,702.91,687.36
2014-03-04,696.22,679.35
2014-03-05,674.28,663.77
2014-03-06,669.77,654.07
2014-03-07,665.34,645.99
2014-03-08,635.14,622.38
2014-03-09,643.95,640.71
2014-03-10,644.76,627.78
2014-03-11,638.42,633.02
2014-03-12,648.03,634.14
2014-03-13,644.2,627.48
2014-03-14,639.53,635.06
2014-03-15,639.14,637.12
2014-03-16,637.52,620.81
2014-03-17,632.68,615.75
2014-03-18,622.39,613.27
2014-03-19,622,611.93
2014-03-20,609.75,593.68
2014-03-21,604.59,599.44
2014-03-22,572.55,563.54
2014-03-23,570.24,557.1
2014-03-24,586.56,585.54
2014-03-25,585.44,574.08
2014-03-26,590.03,574.89
2014-03-27,580.56,567
2014-03-28,526.02,516.89
2014-03-29,504.86,487.1
2014-03-30,492.37,488.62
2014-03-31,483.02,479.46
2014-04-01,495.34,489.68
2014-04-02,495.05,482.13
2014-04-03,449.56,433.82
2014-04-04,454.65,449.97
2014-04-05,463.57,461.48
2014-04-06,466.32,446.49
2014-04-07,462.56,443.11
2014-04-08,457.42,440.34
2014-04-09,455.73,450.31
2014-04-10,443.37,438.15
2014-04-11,429.77,417.92
2014-04-12,439.61,422.99
2014-04-13,427.4,425.74
2014-04-14,469.75,456.61
2014-04-15,519,499.58
2014-04-16,542.38,527.2
2014-04-17,533.52,515.14
2014-04-18,498.6,483.99
2014-04-19,503.56,483.53
2014-04-20,510.87,498.17
2014-04-21,510.57,498.28
2014-04-22,503.22,494.04
2014-04-23,493.25,491.89
2014-04-24,500.46,485.58
2014-04-25,500.3,483.32
2014-04-26,464.54,462.81
2014-04-27,459.33,448.18
2014-04-28,447.53,442.94
2014-04-29,451.64,431.65
2014-04-30,451.1,448.43
2014-05-01,460.61,445.77
2014-05-02,457.93,438.94
2014-05-03,449.4,437.91
2014-05-04,439.77,429.95
2014-05-05,440.97,436.08
2014-05-06,448.04,447.06
2014-05-07,446.13,427.59
2014-05-08,448.4,437.09
2014-05-09,452.69,447.61
2014-05-10,455.77,443.17
2014-05-11,455.34,435.63
2014-05-12,442.26,441.05
2014-05-13,441.98,431.36
2014-05-14,446.66,443.49
2014-05-15,449.8,444.51
2014-05-16,450.66,449.79
2014-05-17,451.98,446.96
2014-05-18,449.77,436.27
2014-05-19,447.56,442.99
2014-05-20,491.44,473.15
2014-05-21,494.37,490.96
2014-05-22,525.36,516.01
2014-05-23,541.96,535.02
2014-05-24,525.17,515.79
2014-05-25,576.48,562.66
2014-05-26,588.39,583.51
2014-05-27,589.52,577.55
2014-05-28,578.62,561.5
2014-05-29,577.1,565.65
2014-05-30,618.46,607.97
2014-05-31,624.72,608.27
2014-06-01,671.51,660.56
2014-06-02,665.5,664.39
2014-06-03,674.11,666.55
2014-06-04,668.56,659.99
2014-06-05,663.53,646.83
2014-06-06,661.37,647.47
2014-06-07,656.94,648.25
2014-06-08,658.88,651.69
2014-06-09,657.7,651.61
2014-06-10,659.62,654.62
2014-06-11,657.04,637.21
2014-06-12,638.11,621.46
2014-06-13,615.14,604.86
2014-06-14,601.27,584.51
2014-06-15,592.94,584.88
2014-06-16,608.72,607.62
2014-06-17,610.89,599.01
2014-06-18,615.88,604.28
2014-06-19,612.24,607.15
2014-06-20,599.75,596.68
2014-06-21,599.46,583.09
2014-06-22,606,593.46
2014-06-23,603.21,589.78
2014-06-24,596.97,587.08
2014-06-25,583.6,578.26
2014-06-26,581.63,577.4
2014-06-27,600.12,591.27
2014-06-28,604.47,590.95
2014-06-29,604.08,603.5
2014-06-30,645.15,626.6
2014-07-01,657.86,641
2014-07-02,656.68,636.07
2014-07-03,650.77,643.46
2014-07-04,648.43,631.43
2014-07-05,633.22,618.61
2014-07-06,638.65,623.13
2014-07-07,637.16,619.49
2014-07-08,626.7,607.33
2014-07-09,627,620.16
2014-07-10,626.12,625.83
2014-07-11,632.09,612.7
2014-07-12,636.66,628.53
2014-07-13,634.73,615.46
2014-07-14,627.34,617.2
2014-07-15,625.14,620.2
2014-07-16,623.09,621.41
2014-07-17,626.29,621.67
2014-07-18,629.21,609.89
2014-07-19,629.17,622.16
2014-07-20,628.56,614.13
2014-07-21,624.09,620.86
2014-07-22,624.3,616.39
2014-07-23,624.43,606.05
2014-07-24,620.43,612.43
2014-07-25,607.07,589.53
2014-07-26,602.09,585.22
2014-07-27,598.94,590.96
2014-07-28,594.57,580.73
2014-07-29,588.38,570.43
2014-07-30,585.12,584.36
2014-07-31,586.24,570.44
2014-08-01,597.92,583.7
2014-08-02,594.91,584.63
2014-08-03,589.15,587.15
2014-08-04,591.95,587.97
2014-08-05,589.87,572.71
2014-08-06,587.49,586.73
2014-08-07,591.1,583.09
2014-08-08,598.12,579.38
2014-08-09,592.47,581.45
2014-08-10,594.46,585.84
2014-08-11,591.51,588.53
2014-08-12,576.95,573.79
2014-08-13,573.03,559.52
2014-08-14,546.24,534.49
2014-08-15,518.18,508.05
2014-08-16,521.48,504.04
2014-08-17,520.19,500.26
2014-08-18,499.37,490.18
2014-08-19,485.71,465.46
2014-08-20,518.28,499.53
2014-08-21,531.9,518.79
2014-08-22,521.48,519.53
2014-08-23,514.3,506.71
2014-08-24,512.89,506.84
2014-08-25,508.22,502.4
2014-08-26,512.69,494.71
2014-08-27,520.71,508.54
2014-08-28,516.16,511.29
2014-08-29,511.69,510.83
2014-08-30,509.31,500.78
2014-08-31,504.88,486.97
2014-09-01,485.31,474.34
2014-09-02,482.99,473.37
2014-09-03,481.71,473.33
2014-09-04,493.93,492.37
2014-09-05,490.64,472.78
2014-09-06,488.6,469.96
2014-09-07,488.07,480.33
2014-09-08,489.83,487.78
2014-09-09,477.38,460.99
2014-09-10,487.47,469.99
2014-09-11,482.35,479.71
2014-09-12,479.63,461.77
2014-09-13,482.12,479.46
2014-09-14,479.85,460.68
2014-09-15,478.62,474.42
2014-09-16,475.64,468.16
2014-09-17,468.17,453.18
2014-09-18,456.86,442.79
2014-09-19,427.83,421.61
2014-09-20,423.3,420.18
2014-09-21,412.43,402.88
2014-09-22,406.92,405.76
2014-09-23,441.56,423.26
2014-09-24,436.11,417.11
2014-09-25,423.52,409.99
2014-09-26,414.94,412.84
2014-09-27,406.62,402.31
2014-09-28,401.02,385.4
2014-09-29,385.21,372.79
2014-09-30,390.98,387.53
2014-10-01,391.38,378.5
2014-10-02,385.5,376.15
2014-10-03,377.69,375.64
2014-10-04,364.49,344.54
2014-10-05,341.8,337.98
2014-10-06,345.13,329.26
2014-10-07,339.25,332.63
2014-10-08,354.36,334.64
2014-10-09,382.73,365.91
2014-10-10,375.07,373.49
2014-10-11,367.19,356.97
2014-10-12,379.43,377.25
2014-10-13,397.23,383.23
2014-10-14,411.7,394.58
2014-10-15,402.23,392.33
2014-10-16,398.81,397.89
2014-10-17,385.48,373.67
2014-10-18,395.16,379.63
2014-10-19,393.94,386.9
2014-10-20,390.08,379.44
2014-10-21,392.65,382.05
2014-10-22,388.58,384.95
2014-10-23,385.05,378.32
2014-10-24,364.35,349.54
2014-10-25,359.86,348.17
2014-10-26,359.22,351.29
2014-10-27,358.63,348.3
2014-10-28,359.98,352.95
2014-10-29,357.83,337.68
2014-10-30,350.91,348.29
2014-10-31,348.05,339.44
2014-11-01,340.53,339.07
2014-11-02,329.05,315.46
2014-11-03,334,327.46
2014-11-04,331.77,319.71
2014-11-05,343.37,341.53
2014-11-06,352.97,351.15
2014-11-07,352.73,337.07
2014-11-08,347.03,330.37
2014-11-09,363.63,352.11
2014-11-10,374.82,357.78
2014-11-11,371.31,366.13
2014-11-12,429.72,427.77
2014-11-13,457.09,440.81
2014-11-14,419.25,402.14
2014-11-15,405.53,385.78
2014-11-16,390.8,381.33
2014-11-17,410.2,391.49
2014-11-18,392.4,381.93
2014-11-19,386.48,381.37
2014-11-20,382.02,376.57
2014-11-21,357.88,344.1
2014-11-22,364.84,354.05
2014-11-23,370.85,362.13
2014-11-24,387.21,373.41
2014-11-25,394.7,381
2014-11-26,377.7,358.11
2014-11-27,373.99,358.19
2014-11-28,382.84,378.46
2014-11-29,387.6,381.96
2014-11-30,382.53,375.6
2014-12-01,383.66,373.23
2014-12-02,384.04,370.13
2014-12-03,383.03,364.56
2014-12-04,378.65,376.48
2014-12-05,379.19,361.7
2014-12-06,378.45,366.74
2014-12-07,376.29,367.82
2014-12-08,376.03,357.12
2014-12-09,363.07,353.87
2014-12-10,352.38,335.3
2014-12-11,361.36,359.46
2014-12-12,352.98,337.51
2014-12-13,352.38,349.53
2014-12-14,353.32,340.61
2014-12-15,351.81,346.48
2014-12-16,345.86,330.99
2014-12-17,333.95,321.62
2014-12-18,323.71,321.89
2014-12-19,318.53,315.65
2014-12-20,330.32,317.34
2014-12-21,329.63,320.5
2014-12-22,334.12,329.94
2014-12-23,336.29,322.55
2014-12-24,334.74,322.79
2014-12-25,322.67,318.19
2014-12-26,331.42,312.94
2014-12-27,328.91,311.61
2014-12-28,320.03,305.71
2014-12-29,320.27,313.32
2014-12-30,314.81,295.59
2014-12-31,320.19,308.94
2015-01-01,320.44,301.57
2015-01-02,315.84,300.16
2015-01-03,315.15,295.63
2015-01-04,287.23,269.51
2015-01-05,278.34,277.31
2015-01-06,287.55,281.45
2015-01-07,298.75,293.12
2015-01-08,294.13,281.41
2015-01-09,291.11,278.23
2015-01-10,288.13,285.24
2015-01-11,279.64,259.65
2015-01-12,272.2,262.42
2015-01-13,268.28,263.26
2015-01-14,223.89,220.94
2015-01-15,229.07,217.48
2015-01-16,221.59,205.01
2015-01-17,211.73,195.5
2015-01-18,218.69,200.37
2015-01-19,216.73,206.96
2015-01-20,215.24,213.93
2015-01-21,227.79,207.94
2015-01-22,237.02,221.17
2015-01-23,234.84,229.79
2015-01-24,248.21,244.02
2015-01-25,255.07,253.3
2015-01-26,309.38,302.27
2015-01-27,275.48,268.14
2015-01-28,266.54,252.48
2015-01-29,238.71,224.45
2015-01-30,242.85,226.42
2015-01-31,233.5,220.64
2015-02-01,231.57,217.5
2015-02-02,242.18,229.17
2015-02-03,245.96,233.74
2015-02-04,230.06,229.11
2015-02-05,239.41,231.81
2015-02-06,230.51,219.72
2015-02-07,230.3,226.64
2015-02-08,229.44,221.41
2015-02-09,223.98,221.57
2015-02-10,221.81,201.87
2015-02-11,223.41,216.82
2015-02-12,222.2,217.42
2015-02-13,240.26,230.37
2015-02-14,259.81,253.76
2015-02-15,265.61,260.78
2015-02-16,239.52,227.87
2015-02-17,245.78,238.47
2015-02-18,244.25,239.73
2015-02-19,242.67,232.55
2015-02-20,247.1,239.17
2015-02-21,255.32,242.6
2015-02-22,246.39,242.06
2015-02-23,240.11,228.13
2015-02-24,239.9,231.25
2015-02-25,239.34,220.94
2015-02-26,237.71,217.66
2015-02-27,256.65,251.89
2015-02-28,254.69,252.18
2015-03-01,261.66,245.86
2015-03-02,276.3,266.39
2015-03-03,285.8,284.19
2015-03-04,284.23,283.72
2015-03-05,281.67,278.25
2015-03-06,277.61,270.54
2015-03-07,277.85,269.03
2015-03-08,277.86,272.67
2015-03-09,292.7,277.91
2015-03-10,300.04,283.21
2015-03-11,297.39,283.15
2015-03-12,297.09,283.46
2015-03-13,294.5,281.17
2015-03-14,286.34,275.43
2015-03-15,286.53,273.38
2015-03-16,294.11,292.37
2015-03-17,292.37,291.78
2015-03-18,285.34,266.12
2015-03-19,264.24,263.5
2015-03-20,264.85,246.46
2015-03-21,262.2,242.67
2015-03-22,269.75,256.47
2015-03-23,277.3,261.95
2015-03-24,267,253.48
2015-03-25,249.19,241.3
2015-03-26,254.35,252.44
2015-03-27,256.81,243.85
2015-03-28,254.21,242.87
2015-03-29,253.14,252.9
2015-03-30,249.24,232.5
2015-03-31,248.73,236.1
2015-04-01,247.54,230.28
2015-04-02,254.46,246.06
2015-04-03,256.04,247.91
2015-04-04,255.26,252.92
2015-04-05,260.68,256.72
2015-04-06,261.8,248.24
2015-04-07,255.81,252
2015-04-08,253.85,252.85
2015-04-09,246.12,240.08
2015-04-10,243.69,233.32
2015-04-11,239.54,238.67
2015-04-12,237.73,230.78
2015-04-13,236.94,235.43
2015-04-14,224.98,222.04
2015-04-15,223.83,216.59
2015-04-16,229.67,224.51
2015-04-17,228.91,213.85
2015-04-18,224.32,217.75
2015-04-19,226.35,212.17
2015-04-20,226.35,211.86
2015-04-21,235.27,224.78
2015-04-22,237.91,220.13
2015-04-23,236.47,219.7
2015-04-24,236.31,227.12
2015-04-25,232.56,228.21
2015-04-26,226.94,225.24
2015-04-27,233.31,216.95
2015-04-28,229.5,221.03
2015-04-29,227.04,225.64
2015-04-30,239.56,222.18
2015-05-01,238.97,219.36
2015-05-02,235.73,224.33
2015-05-03,243.24,241.8
2015-05-04,242.64,223.71
2015-05-05,239.2,227.57
2015-05-06,236.45,227.17
2015-05-07,239.1,221.15
2015-05-08,246.28,235.62
2015-05-09,247.8,244.59
2015-05-10,244.07,237.91
2015-05-11,244.27,230.57
2015-05-12,242.88,229.05
2015-05-13,243.7,230.89
2015-05-14,237.8,230.92
2015-05-15,238.75,225.93
2015-05-16,237.7,225.18
2015-05-17,238.03,224.46
2015-05-18,237.21,233.97
2015-05-19,234.15,218.17
2015-05-20,234.68,232.27
2015-05-21,236.24,222.43
2015-05-22,240.97,227.47
2015-05-23,241.03,238.26
2015-05-24,241.98,229.15
2015-05-25,241.02,223.26
2015-05-26,238.24,221.44
2015-05-27,238.64,237.77
2015-05-28,237.82,221.13
2015-05-29,237.52,217.61
2015-05-30,237.09,220.8
2015-05-31,233.25,232.92
2015-06-01,231.71,226.23
2015-06-02,226.42,208.08
2015-06-03,227.4,209.02
2015-06-04,226.58,210.05
2015-06-05,225.97,218.54
2015-06-06,225.72,208.53
2015-06-07,226.19,215.78
2015-06-08,229.46,225.36
2015-06-09,230.95,228.49
2015-06-10,229.78,217.54
2015-06-11,230.29,223.36
2015-06-12,231.06,217.19
2015-06-13,232.65,217.32
2015-06-14,234.86,232.31
2015-06-15,237.84,218.42
2015-06-16,251.74,250.99
2015-06-17,256.85,252.15
2015-06-18,252.11,243.74
2015-06-19,250.98,231.06
2015-06-20,245.83,240.62
2015-06-21,245.22,231.71
2015-06-22,247.92,236.21
2015-06-23,247.3,242.7
2015-06-24,244.34,234.07
2015-06-25,243.33,228.53
2015-06-26,243.75,242.05
2015-06-27,251.34,242.96
2015-06-28,251.17,238.33
2015-06-29,257.17,239.23
2015-06-30,267.87,247.37
2015-07-01,265.17,256.11
2015-07-02,261.63,256.23
2015-07-03,257.08,240.41
2015-07-04,261.46,258.54
2015-07-05,274.51,257.66
2015-07-06,277.42,257.68
2015-07-07,271.34,265.75
2015-07-08,272.97,267.25
2015-07-09,272.33,262.64
2015-07-10,294.59,284.23
2015-07-11,298.51,283.31
2015-07-12,314.39,304.08
2015-07-13,310.95,301.15
2015-07-14,296.15,293.82
2015-07-15,293.25,282.06
2015-07-16,291.18,287.73
2015-07-17,280.28,263.98
2015-07-18,282.53,270.73
2015-07-19,275.67,269.91
2015-07-20,278.98,258.81
2015-07-21,280.55,265.68
2015-07-22,277.67,274.14
2015-07-23,278.11,261.85
2015-07-24,289.25,276.45
2015-07-25,290.73,272.18
2015-07-26,293.05,283.02
2015-07-27,297.77,286.78
2015-07-28,296.65,281.66
2015-07-29,294.54,274.96
2015-07-30,290.13,277.71
2015-07-31,288.96,286.02
2015-08-01,284.93,266.97
2015-08-02,283.03,263.69
2015-08-03,285.47,267.09
2015-08-04,285.71,278.63
2015-08-05,285.5,275.35
2015-08-06,281.91,266.91
2015-08-07,280.39,276.19
2015-08-08,279.93,260.54
2015-08-09,267,250.52
2015-08-10,267.03,262.11
2015-08-11,270.39,264.3
2015-08-12,270.67,267.32
2015-08-13,266.23,254.7
2015-08-14,267.47,263.01
2015-08-15,266.67,258.88
2015-08-16,262.44,242.48
2015-08-17,260.5,258.83
2015-08-18,257.99,238.82
2015-08-19,237.41,229.61
2015-08-20,237.37,233.27
2015-08-21,236.43,231.96
2015-08-22,234.96,232.08
2015-08-23,232.71,215.8
2015-08-24,228.14,219.01
2015-08-25,226.32,215.54
2015-08-26,231.18,228.5
2015-08-27,228.64,223.51
2015-08-28,235.22,224.97
2015-08-29,233.22,231.64
2015-08-30,232.07,224.55
2015-08-31,231.96,213.57
2015-09-01,231.22,220.64
2015-09-02,230.58,222.25
2015-09-03,229.6,212.97
2015-09-04,230.9,210.21
2015-09-05,236.14,225.01
2015-09-06,242.91,239.91
2015-09-07,242.11,224.1
2015-09-08,245.78,232.46
2015-09-09,244.42,242.41
2015-09-10,241.29,236.26
2015-09-11,241.17,229.55
2015-09-12,240.12,226.95
2015-09-13,235.94,234.54
2015-09-14,232.44,224.49
2015-09-15,259.18,240.6
2015-09-16,231.22,221.99
2015-09-17,230.28,215.61
2015-09-18,234.35,220.56
2015-09-19,233.21,215.74
2015-09-20,232.37,231.83
2015-09-21,231.22,212.65
2015-09-22,232.39,223.62
2015-09-23,231.84,223.98
2015-09-24,235.65,229.91
2015-09-25,237.43,218.46
2015-09-26,235.4,234.68
2015-09-27,234.53,216.02
2015-09-28,239.34,232.16
2015-09-29,239.8,221.67
2015-09-30,237.73,217.09
2015-10-01,238.44,229.96
2015-10-02,238.54,235.67
2015-10-03,239.31,231.43
2015-10-04,238.97,234.44
2015-10-05,240.38,227.35
2015-10-06,246.94,232.73
2015-10-07,246.68,240.45
2015-10-08,244.25,227.4
2015-10-09,244.23,230.99
2015-10-10,245.32,229.44
2015-10-11,247.24,240.14
2015-10-12,247.45,238.44
2015-10-13,250.24,248.15
2015-10-14,254.28,235.31
2015-10-15,255.96,247.17
2015-10-16,266.13,256.31
2015-10-17,273.58,265.09
2015-10-18,271.67,269.23
2015-10-19,264.82,244.1
2015-10-20,270.83,250.55
2015-10-21,270.77,269.06
2015-10-22,276.51,260.51
2015-10-23,278.68,267.77
2015-10-24,281.71,272.84
2015-10-25,294.06,276.83
2015-10-26,285.3,270.91
2015-10-27,296.21,293.71
2015-10-28,306.33,303.5
2015-10-29,318.17,304.52
2015-10-30,334.17,326.12
2015-10-31,332.78,318.14
2015-11-01,327.47,311.66
2015-11-02,365.36,348.04
2015-11-03,417.9,415.12
2015-11-04,495.56,483.86
2015-11-05,447.56,438.27
2015-11-06,395.84,378.19
2015-11-07,390.59,378.4
2015-11-08,389.89,387.53
2015-11-09,385.28,376.54
2015-11-10,381.39,372.33
2015-11-11,340.58,320.69
2015-11-12,345.08,334.08
2015-11-13,340.91,322.71
2015-11-14,338.18,321.75
2015-11-15,334.66,317.47
2015-11-16,331.63,314.1
2015-11-17,338.35,320.97
2015-11-18,336.53,323.62
2015-11-19,335.33,322.13
2015-11-20,326.47,321.97
2015-11-21,328.16,310.79
2015-11-22,327.01,321.87
2015-11-23,325.12,314.34
2015-11-24,323.06,303.49
2015-11-25,329.13,312.99
2015-11-26,366.76,348.51
2015-11-27,363.59,345.64
2015-11-28,359.54,351.33
2015-11-29,371.94,360.31
2015-11-30,382.36,379.71
2015-12-01,378.93,363.19
2015-12-02,362.23,345.9
2015-12-03,370.27,365.07
2015-12-04,363.52,343.53
2015-12-05,389.79,386.92
2015-12-06,402.81,398.42
2015-12-07,399.97,387.28
2015-12-08,415.56,397
2015-12-09,423.12,422.77
2015-12-10,419.51,402.32
2015-12-11,451.94,445.55
2015-12-12,469.1,464.71
2015-12-13,441.68,430.18
2015-12-14,447.14,433.79
2015-12-15,465.32,460.84
2015-12-16,465.21,450.77
2015-12-17,457.86,447.88
2015-12-18,465.18,455.2
2015-12-19,465.58,461.08
2015-12-20,462.64,454.27
2015-12-21,444.73,424.84
2015-12-22,443.69,429.99
2015-12-23,444.53,427.69
2015-12-24,458.46,455.44
2015-12-25,458.31,457.06
2015-12-26,457.49,456.77
2015-12-27,424.01,413.09
2015-12-28,429.77,426.53
2015-12-29,432.98,424.77
2015-12-30,434.39,428.48
2015-12-31,432.92,431.05
2016-01-01,436.25,420.26
2016-01-02,436.06,434.45
2016-01-03,433.74,416.55
2016-01-04,434.52,431.49
2016-01-05,434.18,424.55
2016-01-06,431.86,418.27
2016-01-07,458.77,438.64
2016-01-08,462.93,443.45
2016-01-09,454.64,435.74
2016-01-10,448.31,442.02
2016-01-11,450.66,449.89
2016-01-12,448.18,437.15
2016-01-13,435.19,425.79
2016-01-14,433.32,426.65
2016-01-15,430.25,418.67
2016-01-16,390.56,380.33
2016-01-17,390.96,373.5
2016-01-18,388.1,381.85
2016-01-19,387.73,376.56
2016-01-20,425.27,414.25
2016-01-21,422.88,413.84
2016-01-22,410.41,395.54
2016-01-23,394.54,377.83
2016-01-24,405.49,393.41
2016-01-25,402.32,388.01
2016-01-26,397.77,389.29
2016-01-27,396.84,390.61
2016-01-28,395.5,382.93
2016-01-29,384.38,373.86
2016-01-30,380.92,360.68
2016-01-31,380.35,367.3
2016-02-01,378.07,364.46
2016-02-02,375.88,374.62
2016-02-03,374.95,363.25
2016-02-04,391.61,386.15
2016-02-05,391.09,374.13
2016-02-06,386.63,376.15
2016-02-07,380.87,366.78
2016-02-08,379.88,372.46
2016-02-09,377.25,376.5
2016-02-10,385.48,369.59
2016-02-11,383.13,369.13
2016-02-12,384.95,367.37
2016-02-13,391.86,384.46
2016-02-14,407.23,395.38
2016-02-15,410.38,395.13
2016-02-16,408.94,403.53
2016-02-17,421.17,413.16
2016-02-18,426,407.33
2016-02-19,423.1,406.14
2016-02-20,441.98,434.6
2016-02-21,448.05,443.2
2016-02-22,439.05,438.22
2016-02-23,439.86,438.35
2016-02-24,425.55,423.41
2016-02-25,427.72,407.78
2016-02-26,432.15,415.73
2016-02-27,434.23,426.32
2016-02-28,435.68,430.37
2016-02-29,441.51,427.13
2016-03-01,439.65,435.51
2016-03-02,435.92,433.79
2016-03-03,425.37,417.13
2016-03-04,425.18,407.05
2016-03-05,411.26,403.96
2016-03-06,411.91,405.96
2016-03-07,415.92,399.36
2016-03-08,416.24,411.83
2016-03-09,416.03,398.43
2016-03-10,417.51,407.23
2016-03-11,423.93,413.63
2016-03-12,421.8,402.58
2016-03-13,416.6,396.86
2016-03-14,416.68,396.21
2016-03-15,418.13,417.73
2016-03-16,417.69,408.82
2016-03-17,421,406.2
2016-03-18,420.55,400.27
2016-03-19,410.98,395.51
2016-03-20,414.63,398.6
2016-03-21,413.42,410.65
2016-03-22,418.38,399.38
2016-03-23,419.27,409.5
2016-03-24,418.68,409.03
2016-03-25,418.08,415.79
2016-03-26,418.99,406.79
2016-03-27,428.8,427.97
2016-03-28,426.86,408.56
2016-03-29,426.2,415.06
2016-03-30,416.83,411.62
2016-03-31,418.37,408.05
2016-04-01,418.17,403.71
2016-04-02,422.08,420.53
2016-04-03,421.58,407.05
2016-04-04,422.34,406.29
2016-04-05,424.26,415.18
2016-04-06,424.53,405.58
2016-04-07,423.66,405.67
2016-04-08,425.36,412.79
2016-04-09,420.89,419.38
2016-04-10,422.44,410.54
2016-04-11,422.74,408.81
2016-04-12,427.28,409.51
2016-04-13,426.66,417.78
2016-04-14,425.37,424.37
2016-04-15,429.93,418.16
2016-04-16,432.63,419.64
2016-04-17,431.37,413.08
2016-04-18,429.27,410.96
2016-04-19,436.02,435.31
2016-04-20,443.05,440.39
2016-04-21,450.55,432.99
2016-04-22,449.81,440.93
2016-04-23,450.28,431.68
2016-04-24,460.15,454.61
2016-04-25,466.62,446.51
2016-04-26,467.96,462.12
2016-04-27,467.08,448.2
2016-04-28,449.55,436.23
2016-04-29,455.38,452.18
2016-04-30,455.59,441.33
2016-05-01,452.48,432.65
2016-05-02,452.44,442.42
2016-05-03,451.1,445.15
2016-05-04,450.38,431.11
2016-05-05,448.51,445.08
2016-05-06,461.38,458.93
2016-05-07,460.68,447.5
2016-05-08,459.42,448.97
2016-05-09,462.48,446.01
2016-05-10,461.93,443.37
2016-05-11,454.58,445.15
2016-05-12,454.95,448.78
2016-05-13,457.06,455.93
2016-05-14,456.84,452.98
2016-05-15,458.69,443.09
2016-05-16,458.2,442.17
2016-05-17,455.07,451.02
2016-05-18,456,439.91
2016-05-19,454.63,447.27
2016-05-20,444.05,430.48
2016-05-21,443.78,440.54
2016-05-22,443.43,427.42
2016-05-23,444.35,430.5
2016-05-24,447.1,427.77
2016-05-25,450.3,439.97
2016-05-26,453.64,441.74
2016-05-27,478.15,472.51
2016-05-28,533.47,531.25
2016-05-29,553.96,550.55
2016-05-30,544.35,536.81
2016-05-31,546.62,532.23
2016-06-01,543.08,533.01
2016-06-02,540.35,536.64
2016-06-03,574.64,558.63
2016-06-04,590.13,572.84
2016-06-05,582.81,570.43
2016-06-06,586.47,584.57
2016-06-07,590.26,584.58
2016-06-08,582.84,572.05
2016-06-09,582.2,575.82
2016-06-10,579.13,565.49
2016-06-11,607.12,600.32
2016-06-12,684.84,674.37
2016-06-13,716,711.78
2016-06-14,704.5,697.95
2016-06-15,696.3,681.14
2016-06-16,773.72,766.47
2016-06-17,775.36,774.07
2016-06-18,777.99,769.53
2016-06-19,766.62,756.55
2016-06-20,764.08,757.86
2016-06-21,735.88,734.15
2016-06-22,678.67,665.6
2016-06-23,629.33,615.87
2016-06-24,681.73,676.13
2016-06-25,691.73,679.13
2016-06-26,665.98,663.98
2016-06-27,655.27,636.94
2016-06-28,659.25,642.07
2016-06-29,644.68,635.33
2016-06-30,675.4,670.89
2016-07-01,686.15,670.86
2016-07-02,703.7,697.57
2016-07-03,704.97,699.82
2016-07-04,683.66,682.19
2016-07-05,683.49,668.89
2016-07-06,681.9,667.41
2016-07-07,682.43,679.25
2016-07-08,666.71,647.11
2016-07-09,666.38,659.66
2016-07-10,652.29,644.03
2016-07-11,659.63,658.67
2016-07-12,675.26,661.13
2016-07-13,668.7,653.91
2016-07-14,662.9,657.63
2016-07-15,667.08,648.56
2016-07-16,666.46,657.7
2016-07-17,682.37,668.15
2016-07-18,681.55,671.87
2016-07-19,673.28,671.46
2016-07-20,672.93,659.17
2016-07-21,666.22,646.44
2016-07-22,666.58,664.37
2016-07-23,656.37,651.48
2016-07-24,663.11,654.9
2016-07-25,661.83,649.62
2016-07-26,656.23,637.12
2016-07-27,657.46,639.46
2016-07-28,657.6,647.8
2016-07-29,657.8,648.5
2016-07-30,658.22,656.11
2016-07-31,655.28,642.47
2016-08-01,626.12,622.19
2016-08-02,612.85,604.3
2016-08-03,573.36,571.85
2016-08-04,579.5,572.32
2016-08-05,578.28,565.85
2016-08-06,588.4,571.42
2016-08-07,597.51,585.87
2016-08-08,592.99,577.16
2016-08-09,591.09,576.64
2016-08-10,599.98,582.5
2016-08-11,597.54,591.45
2016-08-12,589.91,572.8
2016-08-13,589.77,581.04
2016-08-14,585.67,568.28
2016-08-15,573.58,562.54
2016-08-16,581.74,564.62
2016-08-17,580.89,577.92
2016-08-18,577.79,574.01
2016-08-19,578.24,576.64
2016-08-20,582.82,569.24
2016-08-21,584.16,567.97
2016-08-22,588.45,582.07
2016-08-23,589.47,588.85
2016-08-24,583.59,577.94
2016-08-25,580.45,577.91
2016-08-26,580.62,565.04
2016-08-27,579.85,569.32
2016-08-28,574.04,569.69
2016-08-29,576.28,574.41
2016-08-30,578.36,576.04
2016-08-31,577.86,567.09
2016-09-01,576.31,569.59
2016-09-02,575.64,563.55
2016-09-03,599.5,592.46
2016-09-04,611.84,603.49
2016-09-05,609.05,602.75
2016-09-06,610.83,607.8
2016-09-07,614.54,603.78
2016-09-08,628.77,614.56
2016-09-09,626.83,609.7
2016-09-10,625.1,621.21
2016-09-11,628.82,609.73
2016-09-12,608.46,589.65
2016-09-13,611.19,597.58
2016-09-14,611.95,594.95
2016-09-15,611.09,603.98
2016-09-16,609.26,598.44
2016-09-17,607.86,589.02
2016-09-18,610.16,608.64
2016-09-19,610.93,592.67
2016-09-20,609.52,590.36
2016-09-21,603.59,600.6
2016-09-22,598.49,594.44
2016-09-23,603.21,590.36
2016-09-24,604.58,602.8
2016-09-25,603.38,591.57
2016-09-26,608.14,604.39
2016-09-27,608.25,591.4
2016-09-28,606.59,588.15
2016-09-29,606.82,603.59
2016-09-30,609.74,595.56
2016-10-01,615.24,606.44
2016-10-02,614,601.05
2016-10-03,612.57,605.92
2016-10-04,612.05,600.54
2016-10-05,613.81,603.31
2016-10-06,613.82,601.18
2016-10-07,617.91,613.97
2016-10-08,619.85,612.41
2016-10-09,619.2,599.1
2016-10-10,621.32,607.43
2016-10-11,642.08,629.47
2016-10-12,641.34,636.99
2016-10-13,638.83,637.06
2016-10-14,641.28,629.15
2016-10-15,642.1,632.92
2016-10-16,642.9,625.44
2016-10-17,642.33,624.83
2016-10-18,640.74,635.49
2016-10-19,638.87,622.12
2016-10-20,631.92,614.8
2016-10-21,634.09,631.72
2016-10-22,658.2,655.5
2016-10-23,661.13,645.66
2016-10-24,657.25,652.23
2016-10-25,664.42,648.05
2016-10-26,679.73,667.4
2016-10-27,688.59,683.65
2016-10-28,690.44,673.53
2016-10-29,720.4,707.97
2016-10-30,714.12,705.33
2016-10-31,709.29,705.36
2016-11-01,736.45,724.54
2016-11-02,740.83,723.47
2016-11-03,745.77,734.48
2016-11-04,706.93,692.19
2016-11-05,707.51,692.8
2016-11-06,714.26,701.62
2016-11-07,710.74,708.31
2016-11-08,712.99,711.99
2016-11-09,740.05,722.79
2016-11-10,723.02,722.68
2016-11-11,718.32,709.74
2016-11-12,717.15,699.64
2016-11-13,705.26,687.41
2016-11-14,706.28,695.21
2016-11-15,715.72,705.07
2016-11-16,747.62,739.84
2016-11-17,755.64,744.31
2016-11-18,752.88,743.96
2016-11-19,756.24,738.23
2016-11-20,755.48,736.65
2016-11-21,741.72,736.07
2016-11-22,753.87,744.11
2016-11-23,752.25,746.69
2016-11-24,746.83,743.92
2016-11-25,741.65,738.54
2016-11-26,742.21,722.68
2016-11-27,739.02,735.23
2016-11-28,738.01,720
2016-11-29,737.47,732.25
2016-11-30,747.93,741.55
2016-12-01,758.27,745.83
2016-12-02,781.3,771.23
2016-12-03,778.25,768.08
2016-12-04,773.87,759.36
2016-12-05,773.47,768.84
2016-12-06,765.62,762.82
2016-12-07,771.54,770.03
2016-12-08,774.7,766.27
2016-12-09,774.53,770.73
2016-12-10,777.09,758.21
2016-12-11,774.8,757.69
2016-12-12,781.92,769.73
2016-12-13,788.46,768.81
2016-12-14,782.03,777.99
2016-12-15,781.43,780.77
2016-12-16,785.03,768.85
2016-12-17,792.51,786.48
2016-12-18,794.74,774.63
2016-12-19,793.61,780.45
2016-12-20,801.34,784.55
2016-12-21,834.28,815.74
2016-12-22,875.78,860.93
2016-12-23,925.12,915.02
2016-12-24,923.48,908.66
2016-12-25,899.65,881.97
2016-12-26,913.18,899.05
2016-12-27,940.05,929.15
2016-12-28,975.92,957.23
2016-12-29,979.4,959.69
2016-12-30,972.53,962.33
2016-12-31,963.74,945.09
2017-01-01,1003.08,993.35
2017-01-02,1031.39,1015.05
2017-01-03,1044.08,1037.85
2017-01-04,1159.42,1140.54
2017-01-05,1191.1,1174.52
2017-01-06,1046.81,1035.25
2017-01-07,908.59,891.23
2017-01-08,942.72,939.32
2017-01-09,913.69,901.41
2017-01-10,914.87,899.5
2017-01-11,919.45,906.93
2017-01-12,826.25,809.24
2017-01-13,829,817.7
2017-01-14,835.09,827.88
2017-01-15,823.31,808.3
2017-01-16,834.53,823.25
2017-01-17,910.56,900.15
2017-01-18,917.5,915.83
2017-01-19,904.61,884.83
2017-01-20,899.4,891.61
2017-01-21,927.37,913.13
2017-01-22,937.52,918.1
2017-01-23,928.27,926.08
2017-01-24,924.14,912.38
2017-01-25,903.25,900.5
2017-01-26,919.33,911.16
2017-01-27,923.22,904.19
2017-01-28,923.91,905.57
2017-01-29,923.42,916.6
2017-01-30,923.05,920.9
2017-01-31,972.02,971.35
2017-02-01,989.11,978.64
2017-02-02,1013.52,994.03
2017-02-03,1033.87,1026.09
2017-02-04,1045.9,1027.1
2017-02-05,1043.63,1035.32
2017-02-06,1044.64,1032.25
2017-02-07,1061.93,1050.45
2017-02-08,1078.97,1076.79
2017-02-09,1088.99,1076.88
2017-02-10,998.9,997.54
2017-02-11,1009.29,1002.82
2017-02-12,1004.76,1003.34
2017-02-13,1002.1,986.36
2017-02-14,1011.51,1001.99
2017-02-15,1008.84,988.86
2017-02-16,1033.37,1018.05
2017-02-17,1053.17,1035.74
2017-02-18,1061.1,1044.86
2017-02-19,1056.81,1047.46
2017-02-20,1080.49,1060.21
2017-02-21,1117.25,1116.28
2017-02-22,1125.39,1119.91
2017-02-23,1176.62,1161.2
2017-02-24,1200.39,1198.17
2017-02-25,1174.85,1154.09
2017-02-26,1167.47,1149.56
2017-02-27,1181.98,1164.79
2017-02-28,1193.25,1177.6
2017-03-01,1222.5,1212.5
2017-03-02,1262.13,1247.72
2017-03-03,1280.31,1277.67
2017-03-04,1279.4,1276.43
2017-03-05,1267.29,1258.56
2017-03-06,1276,1275.97
2017-03-07,1275.55,1262.35
2017-03-08,1232.16,1227.53
2017-03-09,1197.46,1177.25
2017-03-10,1270.47,1252.56
2017-03-11,1193.83,1190.73
2017-03-12,1226.98,1214.98
2017-03-13,1237.37,1223.99
2017-03-14,1244.81,1233.06
2017-03-15,1251.61,1241.88
2017-03-16,1257.98,1255.53
2017-03-17,1180.16,1164.18
2017-03-18,1114.07,1106.17
2017-03-19,1069.91,1053.29
2017-03-20,1063.03,1062.51
2017-03-21,1122.43,1115.25
2017-03-22,1120.65,1102.67
2017-03-23,1058.01,1038.72
2017-03-24,1040.47,1024.51
2017-03-25,975.76,968.84
2017-03-26,1007.96,998.11
2017-03-27,1046.4,1032.81
2017-03-28,1064.65,1062.79
2017-03-29,1055.13,1039.35
2017-03-30,1049.29,1048.07
2017-03-31,1074.92,1065.75
2017-04-01,1091.72,1076.91
2017-04-02,1107.59,1102.77
2017-04-03,1151.74,1138.64
2017-04-04,1156.44,1138.66
2017-04-05,1135.09,1127.12
2017-04-06,1188.37,1185.39
2017-04-07,1186.58,1178.66
2017-04-08,1184.98,1172.86
2017-04-09,1197.21,1194.84
2017-04-10,1190.34,1184.17
2017-04-11,1208.07,1199.93
2017-04-12,1207.14,1190.07
2017-04-13,1205.89,1188.19
2017-04-14,1190.8,1173.72
2017-04-15,1188,1168.51
2017-04-16,1187.22,1184.5
2017-04-17,1194.9,1174.69
2017-04-18,1217.57,1198.2
2017-04-19,1215.51,1196.3
2017-04-20,1240.79,1223.75
2017-04-21,1235.94,1223.67
2017-04-22,1235.56,1227.2
2017-04-23,1232.2,1218.33
2017-04-24,1250.94,1244.87
2017-04-25,1267.58,1264.07
2017-04-26,1294.83,1274.71
2017-04-27,1319.7,1301.51
2017-04-28,1331.28,1325.08
2017-04-29,1327.2,1321.15
2017-04-30,1347.91,1337.37
2017-05-01,1434.32,1414.87
2017-05-02,1473.9,1456.9
2017-05-03,1492.77,1489.08
2017-05-04,1608.91,1600.1
2017-05-05,1618.03,1617.77
2017-05-06,1578.8,1562.83
2017-05-07,1596.72,1585.97
2017-05-08,1723.35,1718.71
2017-05-09,1833.49,1820.14
2017-05-10,1788.44,1773.28
2017-05-11,1873.93,1867.78
2017-05-12,1856.15,1841.09
2017-05-13,1812.99,1800.57
2017-05-14,1831.42,1811.8
2017-05-15,1812.8,1802.2
2017-05-16,1785.94,1772.55
2017-05-17,1864.05,1861.54
2017-05-18,1904.48,1898.82
2017-05-19,2004.52,1984.76
2017-05-20,2084.73,2064.84
2017-05-21,2119.08,2101.03
2017-05-22,2303.9,2297.51
2017-05-23,2320.82,2318.44
2017-05-24,2523.72,2520.44
2017-05-25,2763.71,2762.34
2017-05-26,2573.79,2558.65
2017-05-27,2260.2,2252.77
2017-05-28,2267.34,2264.55
2017-05-29,2307.05,2297.01
2017-05-30,2301.96,2299.45
2017-05-31,2311.08,2293.07
2017-06-01,2448.39,2430.84
2017-06-02,2488.55,2477.87
2017-06-03,2581.91,2577.4
2017-06-04,2585.89,2575.55
2017-06-05,2686.81,2674.43
2017-06-06,2999.91,2995.63
2017-06-07,2869.38,2849.41
2017-06-08,2815.3,2796.45
2017-06-09,2901.71,2883.17
2017-06-10,2950.99,2943.65
2017-06-11,2996.6,2990.58
2017-06-12,2997.26,2994.5
2017-06-13,2789.04,2787.06
2017-06-14,2786.83,2772.49
2017-06-15,2534.71,2525.84
2017-06-16,2539.92,2533.42
2017-06-17,2685.19,2667.28
2017-06-18,2662.1,2647.14
2017-06-19,2662.85,2648.01
2017-06-20,2763.45,2752
2017-06-21,2772.01,2764.53
2017-06-22,2723.74,2712.1
2017-06-23,2765.17,2752.3
2017-06-24,2757.94,2750.86
2017-06-25,2682.26,2668.73
2017-06-26,2615.25,2604.03
2017-06-27,2552.45,2535.13
2017-06-28,2603.98,2590.71
2017-06-29,2588.83,2574.87
2017-06-30,2559.25,2550.13
2017-07-01,2515.27,2499.59
2017-07-02,2514.28,2508.22
2017-07-03,2595,2593.98
2017-07-04,2631.59,2626.65
2017-07-05,2622.65,2615.39
2017-07-06,2616.72,2599.07
2017-07-07,2916.14,2911.53
2017-07-08,2571.34,2566.82
2017-07-09,2635.49,2634.25
2017-07-10,2537.16,2519
2017-07-11,2413.47,2398.89
2017-07-12,2423.71,2422.22
2017-07-13,2425.22,2408.75
2017-07-14,2363.25,2356.66
2017-07-15,2231.14,2213.27
2017-07-16,2058.77,2057.67
2017-07-17,2230.49,2211.43
2017-07-18,2387.61,2370.73
2017-07-19,2397.17,2396.95
2017-07-20,2900.7,2895.63
2017-07-21,2838.41,2834.51
2017-07-22,2862.42,2853.7
2017-07-23,2832.18,2822.49
2017-07-24,2777.26,2771.45
2017-07-25,2768.08,2748.44
2017-07-26,2610.76,2605.83
2017-07-27,2693.32,2674.58
2017-07-28,2897.45,2884.99
2017-07-29,2808.76,2788.94
2017-07-30,2758.53,2749.9
2017-07-31,2889.62,2869.27
2017-08-01,2921.35,2919.58
2017-08-02,2762.53,2753.03
2017-08-03,2813.31,2803.8
2017-08-04,2899.33,2890.22
2017-08-05,3290.01,3285.62
2017-08-06,3293.29,3279.05
2017-08-07,3397.68,3388.48
2017-08-08,3484.85,3482.11
2017-08-09,3422.76,3403.06
2017-08-10,3453.45,3452.38
2017-08-11,3679.72,3659.58
2017-08-12,3949.92,3938.16
2017-08-13,4208.39,4188.26
2017-08-14,4325.13,4323.85
2017-08-15,4455.97,4437.08
2017-08-16,4381.23,4363.5
2017-08-17,4484.7,4467.42
2017-08-18,4370.13,4358.25
2017-08-19,4243.26,4236.98
2017-08-20,4196.29,4181.64
2017-08-21,4109.14,4101.47
2017-08-22,4128.76,4127.34
2017-08-23,4255.78,4238.86
2017-08-24,4376.39,4361.7
2017-08-25,4455.7,4447.04
2017-08-26,4379.28,4378.28
2017-08-27,4416.59,4412.54
2017-08-28,4403.93,4386.62
2017-08-29,4625.68,4620.87
2017-08-30,4626.52,4616.55
2017-08-31,4736.05,4718.56
2017-09-01,4892.01,4889.01
2017-09-02,4975.04,4969.81
2017-09-03,4714.08,4700.75
2017-09-04,4591.63,4576.72
2017-09-05,4427.84,4426.13
2017-09-06,4617.25,4611.07
2017-09-07,4655.04,4649.94
2017-09-08,4661,4651.45
2017-09-09,4308.82,4303.53
2017-09-10,4245.44,4229.84
2017-09-11,4261.67,4246.04
2017-09-12,4344.65,4342.82
2017-09-13,4131.98,4119.98
2017-09-14,3920.6,3915.69
2017-09-15,3733.45,3732.51
2017-09-16,3808.84,3797.31
2017-09-17,3664.81,3653.76
2017-09-18,4079.23,4072.84
2017-09-19,4094.07,4084.09
2017-09-20,4031.39,4011.13
2017-09-21,3916.42,3909.46
2017-09-22,3758.27,3744.88
2017-09-23,3819.21,3818.07
2017-09-24,3796.15,3791.77
2017-09-25,3950.25,3933.16
2017-09-26,3969.89,3967.77
2017-09-27,4210.05,4207.8
2017-09-28,4279.31,4260.73
2017-09-29,4214.63,4204.55
2017-09-30,4358.43,4344.58
2017-10-01,4403.74,4395.66
2017-10-02,4470.23,4460.21
2017-10-03,4432.47,4427.86
2017-10-04,4352.31,4341.44
2017-10-05,4362.64,4347.64
2017-10-06,4413.27,4407.17
2017-10-07,4443.88,4440.6
2017-10-08,4624.14,4606.59
2017-10-09,4878.71,4865.36
2017-10-10,4922.17,4903.62
2017-10-11,4873.73,4869.39
2017-10-12,5446.91,5429.72
2017-10-13,5840.3,5828.12
2017-10-14,5837.7,5823.56
2017-10-15,5852.48,5841.9
2017-10-16,5776.23,5774.7
2017-10-17,5800.35,5786.28
2017-10-18,5603.82,5584.3
2017-10-19,5744.35,5732.54
2017-10-20,6060.11,6052.2
2017-10-21,6194.88,6176.32
2017-10-22,6076.26,6064.84
2017-10-23,6075.59,6068.41
2017-10-24,5935.52,5915.71
2017-10-25,5754.33,5750.06
2017-10-26,5976.8,5971.99
2017-10-27,5988.39,5985.87
2017-10-28,5876.72,5866.92
2017-10-29,6255.71,6252.51
2017-10-30,6214.99,6209.49
2017-10-31,6470.43,6460.37
2017-11-01,6767.31,6756.49
2017-11-02,7367.33,7351.83
2017-11-03,7461.29,7460.22
2017-11-04,7492.86,7489.72
2017-11-05,7617.48,7610.98
2017-11-06,7445.77,7427.93
2017-11-07,7253.32,7248.65
2017-11-08,7776.42,7769.69
2017-11-09,7446.83,7431.28
2017-11-10,7312,7299.97
2017-11-11,6873.15,6854.1
2017-11-12,6625.05,6605.8
2017-11-13,6811.19,6794.64
2017-11-14,6764.98,6753.48
2017-11-15,7342.25,7325.42
2017-11-16,7967.38,7954.55
2017-11-17,8004.59,8001.86
2017-11-18,7884.99,7871.75
2017-11-19,8101.91,8097.46
2017-11-20,8336.86,8321.8
2017-11-21,8348.66,8330.03
2017-11-22,8302.26,8294.45
2017-11-23,8267.4,8266.34
2017-11-24,8374.16,8373.68
2017-11-25,8790.92,8789.68
2017-11-26,9522.93,9504.41
2017-11-27,9818.35,9816.99
2017-11-28,10125.7,10105.92
2017-11-29,11517.4,11509.84
2017-11-30,10801,10785.15
2017-12-01,11046.7,11027.65
2017-12-02,11320.2,11300.46
2017-12-03,11858.7,11847.87
2017-12-04,11657.2,11650.48
2017-12-05,12032,12017.96
2017-12-06,14369.1,14363.69
2017-12-07,17899.7,17895.63
2017-12-08,18353.4,18342.39
2017-12-09,16783,16779.23
2017-12-10,15850.6,15840.3
2017-12-11,17513.9,17510.5
2017-12-12,17781.8,17762.54
2017-12-13,17653.1,17645.23
2017-12-14,17085.8,17071.47
2017-12-15,18154.1,18141.83
2017-12-16,19716.7,19714.05
2017-12-17,20089,20069.31
2017-12-18,19371,19351.71
2017-12-19,19177.8,19159.28
2017-12-20,17934.7,17920.36
2017-12-21,17567.7,17565.41
2017-12-22,15943.4,15929.46
2017-12-23,15603.2,15602.03
2017-12-24,14626,14621.49
2017-12-25,14593,14582.1
2017-12-26,16461.2,16454.21
2017-12-27,16930.9,16911.21
2017-12-28,15888.4,15880.39
2017-12-29,15279,15274.99
2017-12-30,14681.9,14669.33
2017-12-31,14377.4,14363.73
2018-01-01,14112.2,14109.15
2018-01-02,15444.6,15437.38
2018-01-03,15572.8,15552.63
2018-01-04,15739.7,15724.9
2018-01-05,17705.2,17692.71
2018-01-06,17712.4,17709.76
2018-01-07,17579.6,17564.93
2018-01-08,16537.9,16519.88
2018-01-09,15497.5,15484.58
2018-01-10,14973.3,14967.22
2018-01-11,15018.8,15004.05
2018-01-12,14229.9,14224.41
2018-01-13,14659.5,14646.02
2018-01-14,14511.8,14504.39
2018-01-15,14445.5,14438.97
2018-01-16,13843.1,13825.23
2018-01-17,11678,11669.15
2018-01-18,12107.3,12091.05
2018-01-19,11992.8,11989.37
2018-01-20,13103,13085
2018-01-21,12895.9,12894.51
2018-01-22,11966.4,11949.64
2018-01-23,11377.6,11360.23
2018-01-24,11501.4,11484.75
2018-01-25,11785.7,11783.99
2018-01-26,11656.7,11640.79
2018-01-27,11614.9,11599.5
2018-01-28,12040.3,12022.27
2018-01-29,11875.6,11863.5
2018-01-30,11307.2,11303.22
2018-01-31,10381.6,10380.95
2018-02-01,10288.8,10276.83
2018-02-02,9142.28,9125.24
2018-02-03,9430.75,9424.45
2018-02-04,9334.87,9316.06
2018-02-05,8364.84,8360.63
2018-02-06,7850.7,7835.3
2018-02-07,8509.11,8501.27
2018-02-08,8558.77,8538.83
2018-02-09,8736.98,8716.94
2018-02-10,9122.55,9112.53
2018-02-11,8616.13,8596.88
2018-02-12,8985.92,8966.1
2018-02-13,8958.47,8949.22
2018-02-14,9518.54,9508.15
2018-02-15,10234.8,10226.58
2018-02-16,10324.1,10305.05
2018-02-17,11139.5,11125.96
2018-02-18,11349.8,11330.19
2018-02-19,11273.8,11261.56
2018-02-20,11958.5,11952.04
2018-02-21,11418.5,11415.9
2018-02-22,11039.1,11019.26
2018-02-23,10487.3,10480.98
2018-02-24,10597.2,10583.55
2018-02-25,9923.22,9913.16
2018-02-26,10475,10456.03
2018-02-27,10878.5,10863.7
2018-02-28,11089.8,11078.49
2018-03-01,11052.3,11045.09
2018-03-02,11189,11184.87
2018-03-03,11528.2,11510.36
2018-03-04,11512.6,11507.55
2018-03-05,11704.1,11703.89
2018-03-06,11500.1,11489.45
2018-03-07,10929.5,10919.37
2018-03-08,10147.4,10141.81
2018-03-09,9466.35,9448.19
2018-03-10,9531.32,9519.88
2018-03-11,9711.89,9695.72
2018-03-12,9937.5,9930.82
2018-03-13,9470.38,9452.21
2018-03-14,9355.85,9343.36
2018-03-15,8428.35,8427.13
2018-03-16,8585.15,8567
2018-03-17,8346.53,8329.78
2018-03-18,8245.51,8229.84
2018-03-19,8675.87,8674.64
2018-03-20,9051.02,9034.37
2018-03-21,9177.37,9162.05
2018-03-22,9100.71,9090.09
2018-03-23,8879.62,8870.46
2018-03-24,8996.18,8985.31
2018-03-25,8682.01,8680.17
2018-03-26,8530.08,8527.15
2018-03-27,8232.78,8230.83
2018-03-28,8122.89,8105.79
2018-03-29,7994.33,7980.88
2018-03-30,7276.66,7269.03
2018-03-31,7207.85,7202.08
2018-04-01,7060.95,7057.43
2018-04-02,7135.47,7127.6
2018-04-03,7530.94,7528.77
2018-04-04,7469.88,7457.76
2018-04-05,6933.82,6925.51
2018-04-06,6857.49,6848.56
2018-04-07,7050.54,7041.94
2018-04-08,7111.56,7101.55
2018-04-09,7178.11,7165.27
2018-04-10,6872.41,6852.25
2018-04-11,6968.32,6966.18
2018-04-12,7899.23,7885.41
2018-04-13,8183.96,8165.8
2018-04-14,8140.71,8125.63
2018-04-15,8338.42,8336.42
2018-04-16,8371.15,8366.86
2018-04-17,8285.96,8270.84
2018-04-18,8197.8,8194.73
2018-04-19,8298.69,8289.82
2018-04-20,8880.23,8870.88
2018-04-21,8997.57,8979.59
2018-04-22,9001.64,8990.1
2018-04-23,8958.55,8944.38